3231,Peinlichgasse
144,Am Ring
2089,Kirchweg
4014,St.-Peter-Gürtel
4623,Waagner-Biro-Straße
1296,Fyrtagweg
2004,Kaiser-Franz-Josef-Kai
3793,Scheidtenbergergasse
4621,Wagnesweg
4720,Wolkensteingasse
3469,Rainleiten
2422,Lodergasse
2340,Leifhelmgasse
4136,Teuffenbachweg
2045,Kernstockgasse
4548,Viktor-Zack-Weg
1616,Hirschengasse
1359,Ginzkeygasse
3805,Schleppbahngasse
2344,Lendkai
158,Andreas-Hofer-Platz
159,Andreas-Hofer-Straße
664,Conrad-Kreuzer-Gasse
2237,Kratkystraße
3853,Seidenhofstraße
998,Emichgasse
1487,Gutenbergstraße
1048,Etrichgasse
1951,Joanneumring
190,Anton-Lippe-Platz
2428,Lorenz-Vest-Weg
3356,Prangelgasse
192,Am Blumenhang
4693,Wiener Straße
3753,Sandgasse
1522,Hartenaugasse
2341,Leechgasse
4624,Wagner-Jauregg-Platz
1613,Hilmteichstraße
1964,Josef-Huber-Gasse
2403,Liebenauer Gürtel
2508,Mannagettaweg
2763,Münkergasse
3858,Seminarstraße
1458,Grazerfeldstraße
2025,Kärntner Straße
4707,Widmannstettergasse
2205,Kortschakweg
4025,Stranzgasse
3229,Pecs Allee
139,Am Lindenkreuz
3007,Oberer Auweg
402,Bindergasse
4694,Wiesenauergasse
304,Badgasse
113,Alpassy-Pastirk-Gasse
171,Anton-Leb-Gasse
1475,Grottenhofstraße
1677,Hollerbergweg
4631,Walter-P.-Chrysler-Platz
2035,Kalvarienweg
2265,Kurzeggerweg
1301,Gabriachgasse
854,Dr.-Anton-Schlossar-Weg
307,Bahnhofstraße
3796,Schiffgasse
2187,Königshoferstraße
5013,Puntigamer Brücke
3770,Sattlerweg
1539,Hartfelderweg
3457,Rankengasse
2596,Mitterlingweg
4196,Tiergartenweg
855,Dr.-Plochl-Straße
2302,Laimburggasse
3794,Scheigergasse
514,Brauhausstraße
4092,Swikerstraße
201,Arnold-Luschin-Gasse
1065,Evangelimanngasse
4619,Wachtelgasse
1687,Hortgasse
2208,Kornfelderweg
1283,Friedenspark
1007,Engelgasse
180,Am Weinhang
2232,Krummer Weg
4980,Zweierbosniakengasse
4229,Trauttmansdorffgasse
1143,Ferdinand-Porsche-Platz
3527,Reifentalgasse
200,Arndtgasse
2512,Mariagrüner Straße
4166,Thaddäus-Stammel-Straße
2559,Messendorfberg
4351,Uhlandgasse
3992,Steinbruchweg
3267,Pfanghofweg
1975,Johannhöhe
2036,Karl-Etzel-Weg
4900,Zahläckerweg
1486,Gustav-Hofer-Weg
3707,Ruinenweg
510,Brandauerweg
1666,Hödlweg
1551,Hans-von-der-Sann-Gasse
2396,Lissäckerstraße
519,Brückengasse
3981,Staatsbahnstraße
1745,Hubert-Hoffmann-Ring
4355,Uhlirzgasse
2400,Lisztgasse
4939,Zimmerplatzgasse
3658,Rohrbachfeld
4649,Weinitzenstraße
3319,Pointnergasse
1043,Esperantoplatz
4625,Wagner-Jauregg-Straße
3636,Rohrerbergstraße
1510,Hammer-Purgstall-Gasse
1346,Gemeindepark Eggenberg
2383,Lidlsdorfgasse
581,Burenstraße
2552,Mehlplatz
926,Edelweißweg
4643,Weg zur Einsiedelei
1612,Hilmgasse
2509,Mantschastraße
1484,Guldinweg
3227,Paula-Grogger-Weg
3226,Paula-Wallisch-Straße
217,Aspasiagasse
4008,Stanglmühlstraße
405,Birkenweg
2192,Körblergasse
2758,Münzgrabenstraße
2388,Lilienthalgasse
259,Auf der Tändelwiese
453,Blütengasse
956,Ehlergasse
1453,Grafensteingasse
2257,Kübeckgasse
1263,Freiheitsplatz
4063,St.-Paulus-Platz
2553,Merangasse
4074,Suttnerweg
4270,Tullbachweg
92,Aigner-Rollett-Allee
1032,Ernst-Vogel-Weg
4233,Trondheimgasse
1307,Gadollaweg
3331,Portugallweg
4714,Widowitzgasse
3362,Pratogasse
4605,Waldheimatweg
3473,Rablhang
4661,Wetzelsdorfer Straße
1447,Grabenhofenweg
649,Christophorusgrund
838,Dr.-Kamniker-Straße
1461,Grenadiergasse
4226,Trappengasse
4711,Wilhelm-Thöny-Weg
265,Auenbruggerplatz
4056,Stiftingbachweg
2007,Kalchberggasse
129,Am Dominikanergrund
942,Eggenberger Gürtel
1825,Ignaz-Kollmann-Gasse
875,Dubrovnik Allee
4666,Weiherweg
1292,Fuchsenfeldweg
1664,Hochstrassergasse
2526,Mauergasse
3633,Rochelgasse
840,Dr.-Lemisch-Straße
1225,Föderlgasse
3765,Sahlaweg
4665,Werndlweg
3826,Schröderhofweg
2601,Mittergrabenweg
193,Am Mariagrüner Wald
2562,Mexikoweg
669,Coventrypromenade
705,Darmstadtgasse
1543,Haignitzhofweg
2868,Neustiftweg
209,Andritzer Hauptplatz
155,Am Josefgrund
2102,Kitnerweg
3760,Sauraugasse
3654,Roßegg
3571,Richard-Strauss-Gasse
2020,Karl-Huber-Gasse
4176,Theyergasse
4049,Stiftingtalstraße
3573,Riegelgasse
194,Ambrosigasse
1401,Glaserweg
943,Eggenberger Straße
4668,Westbahngasse
3664,Robert-Mlekus-Weg
4658,Wenzlhofstraße
2084,Kirchengasse
122,Am Hüttenbrenneranger
2087,Kirchplatz
2122,Kleiststraße
151,Am Schönborngrund
2421,Löckwiesenweg
520,Brückenkopfgasse
1672,Hohlweg
3460,Raffaltweg
1902,Jakob-Dirnböck-Gasse
127,Am Bergl
4167,Thalbachweg
3204,Paradeisgasse
3359,Prokopigasse
1811,Idlhofgasse
1900,Jahngasse
4045,Strobelbergerweg
1051,Ettingshausengasse
2531,Max-Kraft-Gasse
3961,Sparbersbachgasse
2869,Negrelligasse
2867,Neue-Welt-Höhe
403,Bischofplatz
850,Dr.-Pfaff-Gasse
38,Adlergasse
4604,Waldhofweg
4228,Traungauergasse
2882,Niesenbergergasse
2127,Klingendrahtgasse
987,Elisabethstraße
2397,Lineckerweg
112,Alte Poststraße
3854,Seiersbergstraße
5001,Keplerbrücke
3051,Oeverseegasse
3902,Simchengasse
846,Draisgasse
3660,Roßmanngasse
3000,Obere Bahnstraße
3232,Pensionsweg
204,Arthur-Schnitzler-Gasse
4549,Virchowgasse
268,Auf der Heide
2688,Moserhofgasse
3665,Rosenhang
4709,Wittekweg
172,Anthauerweg
3993,Steinfeldgasse
3276,Pfrimerweg
316,Baumschulgasse
1478,Gradlbauerweg
3963,Spitzgasse
1257,Franz-Riepl-Gasse
2565,Meinonggasse
1978,Josef-Bayer-Gasse
187,Am Leopoldsgrund
2044,Kernerstraße
2558,Meranhofweg
1943,Jerusalemplatz
2086,Kirchfelderweg
2756,Müllergasse
2348,Leonhardplatz
971,Einsiedlerweg
4426,Unterer Breitenweg
962,Eichenweg
1334,Genossenschaftsweg
3358,Prokesch-Osten-Gasse
847,Dreierschützengasse
996,Emil-Ertl-Gasse
3962,Spielbergweg
1500,Haaräckerstraße
710,David-Herzog-Platz
3268,Pfeifferhofweg
2011,Kantgasse
3985,Stainzergasse
3244,Petri Au
4432,Untere Schirmleiten
36,Adalbert-Stifter-Gasse
1904,Jakobsleiter
761,Dietrichsteinplatz
1580,Heuweg
2524,Martingasse
4648,Weinholdstraße
4937,Ziegelstraße
2884,Nikolaus-Schönbacher-Straße
1743,Hügelweg
3719,Rudolf-List-Gasse
4701,Winkelgasse
1163,Fischeraustraße
2008,Kaltenbrunngasse
1740,Hüblweg
3114,Ortnerstraße
211,Angelo-Eustacchio-Gasse
4267,Tullriegel
4210,Toeplergasse
1560,Hauckweg
152,Am Föhrengrund
579,Burggasse
983,Ekkehard-Hauer-Straße
3335,Posthofweg
4607,Waldweg
512,Brandhofgasse
1570,Herdergasse
720,Dechant-Binder-Anlage
2591,Michael-Kienreich-Straße
1396,Glacisstraße
2306,Lastenstraße
4268,Tullhofweg
1255,Franziskanergasse
3578,Rilkeweg
1271,Fritz-Pregl-Weg
2197,Köstenbaumgasse
3837,Schwimmschulkai
3967,Spitzäckerweg
2226,Kreßgasse
4652,Weißeneggergasse
1563,Heimweg
4916,Zeillergasse
1449,Grafenhofweg
1476,Grundäckergasse
3711,Rupertweg
114,Albert-Schweitzer-Gasse
1507,Hallerschloßstraße
2563,Mengerweg
2206,Komzakgasse
1567,Heinrichstraße
175,Am Buchkogel
976,Eißlgasse
3965,Sportplatzgasse
851,Dr.-Hanisch-Weg
1467,Grieskai
3530,Reinitzerweg
3455,Ragnitzstraße
1545,Hauensteinweg
21,Ackergasse
1430,Gottschedgasse
2752,Mühlgangweg
3320,Poketzgasse
4232,Trenkgasse
2314,Lambergweg
2459,Ludwig-Hülgerth-Gasse
351,Beethovenstraße
3998,Stempfergasse
1031,Erdbergweg
1166,Fischer-von-Erlach-Gasse
3891,Siebenundvierzigergasse
1212,Flurerweg
1970,Josef-Poestion-Straße
153,Am Wasserspiel
1985,Josef-Steinberger-Weg
1260,Franz-Werfel-Gasse
4551,Vinzenz-Muchitsch-Straße
4091,Swethgasse
3824,Schrödingerstraße
1561,Heipelweg
3246,Pehamweg
600,Carlonegasse
2891,Nikolaiplatz
2263,Kuwasseggasse
1341,Geibelgasse
1977,Josef-Kienzl-Weg
3111,Orgeniweg
3752,Salzamtsgasse
4381,Ulrich-Lichtenstein-Gasse
140,Am Mühlengrund
2881,Nibelungengasse
118,Am Jägergrund
2920,Nordberggasse
2534,Mantscha-Wald-Weg
1108,Fasanstraße
1979,Josef-Pongratz-Platz
169,Anton-Wildgans-Weg
1912,Jandlweg
1061,Europaplatz
2346,Lengheimerweg
4017,St.-Veiter-Anger
2535,Mariannenweg
186,Apothekerweg
3802,Schippingerstraße
3989,Steggasse
100,Alfafarweg
2028,Katzianergasse
3211,Paulinerweg
788,Dornauweg
4541,Viehmarktgasse
1129,Feldgasse
961,Eichäckerweg
2858,Neuholdaugasse
2922,Nordweg
3632,Robert-Stolz-Gasse
518,Brockmanngasse
311,Baiernstraße
1548,Haberlandtweg
3216,Papierfabrikgasse
1044,Esserweg
3308,Plankengasse
1481,Gruber-Mohr-Weg
4139,Teichäckergasse
2511,Marburger Straße
3757,Sandgrubenweg
1577,Herzogenberggasse
4620,Waldmüllergasse
2537,Maschwandergasse
965,Eichbachgasse
3091,Opernring
4606,Waldteufelweg
120,Am Aigen
3814,Schmölzergasse
1273,Fröhlichgasse
2693,Moserwaldweg
1843,Im Gereut
3845,Schöckelstraße
525,Brunngasse
1679,Horneckstraße
4055,Staudenweg
3966,Speidlgasse
2027,Kastellfeldgasse
731,Denggasse
1009,Entenplatz
1683,Hohenrainstraße
156,Am Langedelwehr
3366,Prießnitzweg
4006,Steinkleegasse
4384,Ullreichstraße
857,Dr.-Johannes-Ude-Gasse
4688,Wichnergasse
4656,Weixelbaumstraße
3240,Peterstalstraße
1008,Engelsdorfer Straße
1854,Inge-Morath-Straße
2850,Neue Welt
1485,Gürtelturmplatz
1253,Franz-Graf-Allee
2345,Lendplatz
135,Am Hofacker
143,Am Rehgrund
4101,Tannhofweg
179,Am Raketengrund
185,Ankerstraße
3375,Puchleitnerweg
848,Dreihackengasse
1579,Hermann-Bahr-Gasse
3201,Panoramagasse
1029,Erzherzog-Johann-Allee
1586,Hans-Pascher-Weg
1578,Hertzgasse
2561,Mendelgasse
119,Am Lindenhof
2262,Kurzweg
4545,Villenstraße
3239,Petersgasse
66,Afritschgasse
603,Carl-Spitzweg-Gasse
3247,Peter-Leardi-Weg
2556,Messendorfer Straße
1751,Humperdinckgasse
1576,Heilingergasse
3324,Poppmeierstraße
1474,Gritzenweg
1908,Janischhofweg
3804,Schleifbachgasse
4615,Wassergasse
5003,Tegetthoffbrücke
3261,Pfalzgrafenweg
1471,Greifenweg
3764,Salfeldstraße
1477,Grüne Gasse
3761,Savenauweg
108,Albrechtgasse
1303,Gaisbergweg
2681,Mohsgasse
4602,Wagramer Weg
1404,Gleispachgasse
3317,Plickweg
2017,Karlauergürtel
4000,Sterngasse
3275,Pfitznergasse
2090,Kirschengasse
4697,Wilhelm-Rösche-Gasse
2532,Mallitschweg
1491,Großmarktstraße
1133,Feldkirchner Weg
2267,Kudlergasse
1517,Hans-Resel-Gasse
3983,Stadtpark
3703,Rückertgasse
1541,Hauberrissergasse
1020,Erich-Edegger-Steg
3763,Sanzingasse
1457,Grazbachgasse
783,Dominikanerriegel
3846,Schröckingerweg
1661,Hochleitenweg
1538,Hagengasse
1508,Hamerlinggasse
1452,Granatengasse
1950,Johann-Sebastian-Bach-Gasse
580,Burgring
1082,Eyslergasse
1107,Fasangartengasse
117,Am Bründlbach
5008,Gasrohrsteg
482,Bogengasse
3797,Schillerplatz
2684,Montclair Allee
1752,Hüttenbrennergasse
1968,Josef-Ornig-Straße
572,Buchkogelgasse
2851,Neue Stiftingtalstraße
700,Dammweg
2528,Mariagrüner Hang
271,Auwiesenweg
3207,Parkstraße
1972,Josef-Schwarz-Straße
2041,Keesgasse
911,Eckertstraße
2520,Marktgasse
1685,Hoschweg
578,Bürgergasse
1584,Heimgartenweg
3849,Scherweg
3212,Paul-Keller-Gasse
1550,Hans-Auer-Gasse
3751,Saitzgasse
352,Belgiergasse
979,Eintrachtgasse
1058,Europaratweg
3470,Rabenweg
511,Brahmsstraße
2224,Krenngasse
4061,St.Petersburg Allee
2037,Karlsbader Gasse
164,Annenstraße
1662,Hochsteingasse
2757,Müllerviertel
2221,Krafft-Ebing-Straße
4642,Weg zum Reinerkogel
198,Argenotstraße
3219,Panzenbeckgasse
2538,Max-Reger-Gasse
841,Dr.-Lister-Gasse
4646,Weinbergweg
4046,Stubenberggasse
972,Einspinnergasse
1055,Eugenie-Schmiedl-Hain
2336,Lebernweg
2082,Kinkgasse
4423,Universitätsstraße
3959,Sparkassenplatz
1104,Falkenturmgasse
571,Buchenweg
1583,Heckenweg
3817,Schönaugürtel
4691,Wickenburggasse
1663,Hochstraße
2186,Königergasse
3823,Schreinerstraße
524,Brunnfeldweg
4574,Vorbeckgasse
270,Auwaldgasse
116,Am Eisbach
3825,Schubertstraße
1961,Johanna-Kollegger-Straße
170,Anzengrubergasse
161,Angergasse
1483,Gstirnergasse
2110,Klara-Fietz-Gasse
4230,Triester Straße
2387,Liliencrongasse
1668,Hofstatt
977,Eisteichgasse
1967,Joseph-Marx-Straße
1204,Floraquellweg
3661,Rosenschlößlweg
2381,Lichtenfelsgasse
2849,Neuböckweg
2576,Messendorfgrund
1505,Hahnhofweg
2234,Kreuzfelderweg
4590,Wacholderweg
3307,Plachelhofstraße
3328,Pomeranzengasse
2052,Kettengasse
4662,Wenisbucher Straße
148,Amreichstraße
2691,Moelkweg
2300,Laboratoriumstraße
2024,Karmeliterplatz
3235,Peter-Tunner-Gasse
3306,Plabutscherstraße
2014,Kapellenstraße
1446,Grabengürtel
4039,Straßganger Straße
3662,Rotmoosweg
4428,Unterer Mühlweg
168,Anton-Kleinoscheg-Straße
527,Burgfriedweg
2180,Konrad-Hopferwieser-Gasse
361,Berthold-Linder-Weg
858,Dr.-Robert-Graf-Straße
2847,Neudorf
3383,Puschweg
1197,Flurgasse
3217,Pauluzzigasse
3750,Sackstraße
1945,Johann-Weitzer-Weg
3327,Polzergasse
1917,Jakob-Münz-Weg
2845,Netzgasse
3459,Raubergasse
214,Anton-Paar-Straße
2029,Kauperzgasse
181,Anton-Mell-Weg
4576,Volkmarweg
800,Drosselweg
3653,Rosenkranzgasse
1923,Jakob-Gschiel-Gasse
1290,Fürstenwarteweg
4019,Stradiotgasse
4131,Technikerstraße
703,Daimlerweg
2513,Mariahilferplatz
1192,Florianibergstraße
1111,Faunastraße
483,Bozener Straße
4054,St.-Gotthard-Straße
3314,Platz der Menschenrechte
702,Davidgasse
2963,Nußbaumerstraße
4501,Vaterdorfstraße
4579,Volksgarten
310,Baiernhofweg
676,Custozzagasse
3381,Purgleitnerstraße
4614,Wartingergasse
4919,Zelinkagasse
1962,Johannesweg
1976,Joherlgasse
3255,Pertassekweg
3011,Oberhuberweg
353,Bergmanngasse
481,Bodenfeldgasse
2924,Nothelferweg
1821,Igelgasse
2516,Mariatroster Straße
3659,Rohrbachhöhe
106,Alberstraße
1906,Jakominiplatz
154,Am Josefbach
2760,Murgasse
4051,Staudgasse
2860,Neupauerweg
2461,Ludwig-Boltzmann-Gasse
3708,Ruthardweg
2015,Kapistran-Pieller-Platz
2311,Lazarettgürtel
785,Dorfstraße
3969,St.-Andräplatz
3705,Rudersdorfer Straße
1314,Gaswerkstraße
3203,Pappenheimgasse
2501,Maiffredygasse
2852,Neue-Welt-Gasse
1071,Exerzierplatzstraße
2384,Lichtensternweg
5011,Pongratz-Moore-Steg
4385,Ulmgasse
1331,Gebhardgasse
4174,Theodor-Storm-Straße
4018,St.-Veiter-Straße
404,Billrothgasse
3964,Sporgasse
1617,Hirtengasse
1546,Hauersteig
1559,Hans-Hegenbarth-Allee
523,Brüder-Renner-Weg
945,Egger-Lienz-Weg
3893,Sigmund-Freud-Gasse
2519,Maria-Pachleitner-Straße
1248,Franz-Herzog-Weg
4608,Waldertgasse
1139,Felsensteig
2173,Kohlbachgasse
2121,Kleegasse
2021,Karl-Maria-von-Weber-Gasse
3576,Rittergasse
1585,Heidentrattenweg
845,Dr.-Tilly-Gasse
4627,Walter-Semetkowski-Weg
1305,Ganghoferstraße
665,Costellagasse
313,Bauernfeldstraße
1555,Hanuschplatz
1589,Helene-Serfecz-Platz
359,Bethlehemgasse
3800,Schererstraße
3807,Schloßberg
529,Brunnerweg
2540,Mahrenberggasse
1614,Himmelreichweg
2200,Kollonitschstraße
2687,Mosconweg
4663,Weblinger Straße
4956,Zollgasse
4626,Walter-Flex-Weg
3263,Pfarrgasse
2095,Kiesgasse
2405,Liebenauer Tangente
1953,Johann-Kriegl-Straße
486,Boschweg
3380,Puntigamer Straße
2033,Kammerwehrgasse
2759,Murfelder Straße
1572,Herrandgasse
4938,Ziernfeldgasse
1955,Johann-Michael-Steffn-Weg
789,Don-Bosco-Weg
4425,Untere Schönbrunngasse
4963,Zösenbergweg
355,Bergstraße
2352,Leuzenhofgasse
263,Austeingasse
3792,Schauensteingasse
4708,Winzerweg
1569,Herbersteinstraße
3376,Puchstraße
2312,Lagknergasse
1028,Ernst-Haeckel-Straße
1267,Friedmanngasse
3629,Robert-Stolz-Promenade
2500,Maderspergergasse
4500,Varenaweg
2394,Lindweg
2504,Major-Hackher-Weg
4647,Weingartenweg
2129,Kloiberweg
110,Algersdorfer Straße
1618,Hinterer Plattenweg
3067,Ölbergweg
1506,Halbärthgasse
2427,Löseranlage
4331,Uferweg
2842,Nernstgasse
4698,Wilhelm-Fischer-Allee
2841,Nelkengasse
835,Dr.-Hans-Spitzy-Platzl
3293,Pistotnikgasse
142,Am Ragnitzbach
2182,Köflacher Gasse
2525,Matthias-Anker-Weg
3656,Rottalgasse
2401,Liesganiggasse
1841,Im Erlengrund
3004,Obstgasse
1852,Innerhoferstraße
1431,Gollweg
2890,Nittnergasse
2505,Makartgasse
1503,Hackhofergasse
2188,Königsmühlstraße
1553,Halmweg
1403,Glesingerstraße
358,Bessemergasse
4211,Toni-Schruf-Weg
1675,Hollerweg
2194,Konsumweg
3125,Ostbahnstraße
199,Aribonenstraße
3334,Porscheweg
1952,Johann-Fux-Gasse
2222,Krausgasse
2313,Langeggerweg
4550,Viktor-Franz-Straße
970,Einödstraße
320,Banngrabenweg
2315,Lauzilgasse
2012,Kapaunplatz
4540,Vidmarstraße
130,Am Eisernen Tor
189,Anton-Jandl-Weg
216,Asperngasse
2602,Mitterhofergasse
1588,Hedwig-Katschinka-Straße
1564,Heinrich-Casper-Gasse
3833,Schwarzbauerweg
4042,Strauchergasse
1251,Frachtengasse
3237,Petersbergenstraße
1549,Hauffgasse
3803,Schirrmanngasse
3316,Plattensteig
1947,Johannes-Zwerger-Platz
853,Dr.-Schlossar-Park
3620,Robert-Musil-Gasse
1338,Geißlergasse
3710,Rungeweg
4653,Weißenhofgasse
3290,Pichlergasse
4552,Viktor-Geramb-Weg
4629,Walter-Goldschmidt-Gasse
1250,Franz-Schmidt-Weg
1954,Johann-Loserth-Gasse
1973,Josefigasse
1013,Enzianweg
1247,Herta-Fraunederstraße
3515,Reiherstadlgasse
4920,Zerlacherweg
1800,Ibererstraße
2190,Kopernikusgasse
162,Annaplatz
3357,Prankergasse
1750,Humboldtstraße
3635,Rohrerberg
452,Blümelstraße
1568,Helenenweg
2518,Marienplatz
704,Dahlienweg
3333,Posenergasse
3295,Pittoniweg
305,Bahnhofgürtel
4702,Wittenbauerstraße
177,Am Grabenwald
2261,Kurze Gasse
138,Am Leonhardbach
1537,Haydngasse
2886,Nippelgasse
1615,Hingenauweg
3310,Plattlstraße
3982,Stadlgasse
4038,Strasserhofweg
4521,Veilchenstraße
5015,Augartensteg
1524,Harter Straße
4645,Weidweg
2682,Mondscheingasse
123,Am Linegg
3206,Parkring
978,Einödhofweg
4383,Ulrichsweg
1959,Johann-Strauß-Gasse
4043,Stremayrgasse
4613,Warnhauserweg
852,Dr.-Emperger-Weg
2386,Liebiggasse
2864,Neudorfer Straße
3514,Reichengasse
3978,Stadionplatz
4004,Stiegengasse
2751,Muchargasse
5009,Kalvarienbrücke
3987,Starhemberggasse
3643,Roseggergarten
258,Auer-Welsbach-Gasse
131,Am Freigarten
1991,Judendorfer Straße
1464,Grenzgasse
974,Eiswerkgasse
2184,Kollerbergweg
176,Am Dürrgraben
2006,Kaiserwaldweg
182,Anton-Schwarz-Gasse
212,Anselm-Franz-Gasse
4067,Styriastraße
4002,Steyrergasse
1312,Gaslaternenweg
2183,Kogelweg
354,Berliner Ring
925,Edlingerweg
2510,Marburger Kai
4052,Sternäckerweg
4431,Untere Teichstraße
2195,Körösistraße
2207,Koschatgasse
2399,Liebengasse
1012,Engerthgasse
2888,Niedenausweg
4901,Zahnstraße
1228,Fosselgasse
3834,Schwarzenberggasse
3525,Reininghausstraße
3991,Steinbergstraße
3840,Schweinbergstraße
1913,Janneckweg
132,Am Fröbelpark
1291,Fuchsriegelweg
1573,Herrengasse
517,Breitenweg
121,Am Eichbach
1914,Jaquetweg
3373,Prof.-Franz-Spath-Ring
4291,Tyroltgasse
1315,Gaußgasse
4704,Wiesingergasse
213,Arnikaweg
1994,Julius-Schuch-Gasse
1042,Eschengasse
3411,Quellengasse
997,Emichplatzl
1514,Hangweg
1261,Frauengasse
1340,Gerhart-Hauptmann-Gasse
4041,Strassoldogasse
3132,Ostwaldgasse
1112,Falkenweg
1423,Goethestraße
1462,Grabbegasse
173,Andersengasse
2266,Kumarweg
3798,Schillerstraße
3361,Prochaskagasse
1167,Fiziastraße
4713,Willi-Thaller-Straße
4013,Storchgasse
1680,Holubgasse
4071,Südbahnstraße
663,Corneliusweg
1509,Haferfeldweg
3209,Paulustorgasse
1311,Gärtnerstraße
5006,Bertha-von-Suttner-Friedensbrücke
1944,Johann-Puch-Platz
1533,Hauptplatz
2123,Klopstockgasse
2009,Kalvarienbergstraße
1557,Hans-Brandstetter-Gasse
3713,Rudersdorfer-Au-Straße
3517,Reinerweg
1669,Hofstättenweg
1281,Friaulweg
1746,Hugo-Schuchardt-Straße
3857,Schoberweg
1941,Jensengasse
3382,Purbergstraße
4641,Wegenergasse
133,Am Eichengrund
3213,Peierlhang
4573,Volksgartenstraße
1542,Haidegger Weg
2805,Nansenweg
3521,Remygasse
4010,Stigergasse
1956,Johann-Koller-Weg
4987,Zweiglgasse
3581,Riedlerweg
4918,Zeppelinstraße
2456,Ludwig-Werba-Gasse
125,Am Klammbach
1741,Hubertusstraße
136,Am Katzelbach
1526,Hartiggasse
257,Auersperggasse
583,Burggarten
183,Anichgasse
197,Amundsengasse
147,Am Wagrain
1270,Friedrich-Kaulbach-Straße
2167,Kneippweg
2767,Münzgrabengürtel
1686,Hofmannsthalgasse
3450,Raachgasse
4427,Unterer Bründlweg
4175,Thalerseestraße
4048,St.-Johann-und-Paul
3233,Pestalozzistraße
2230,Kronesgasse
3292,Pirchäckerstraße
1232,Forstergasse
969,Eigenweg
2539,Marktannerweg
1552,Hanuschgasse
208,Artur-Michl-Gasse
4700,Wilhelm-Raabe-Gasse
1581,Heubergergasse
1226,Födranspergweg
4429,Unterer Plattenweg
4047,Sturzgasse
3815,Schaftalstraße
2189,Konrad-Deubler-Gasse
3842,Schöckelbachweg
3997,Steinriegelgasse
790,Dolezalgasse
3709,Russenweg
1637,Hochenburgerweg
1280,Friedrich-von-Gagern-Allee
1684,Hoffeldstraße
2005,Kaiser-Josef-Platz
2032,Kadettengasse
1688,Höhlenweg
2425,Loewegasse
923,Eduard-Keil-Gasse
1611,Hilgergasse
2199,Koschakweg
2566,Mela-Spira-Straße
3513,Reitweg
1302,Gabriel-Seidl-Gasse
3924,Sorgerweg
3224,Paracelsusgasse
3644,Roseggerweg
4703,Wiednerplätzchen
3360,Prevenhueberweg
1966,Josef-Lanner-Straße
3214,Pachernweg
2003,Kaiserfeldgasse
980,Einpacherweg
1671,Hohenwartweg
1137,Felix-Dahn-Platz
3809,Schlösselweg
1619,Hintenfeldweg
2203,Koglergasse
1971,Josef-Posch-Straße
2013,Kaiserwiesenweg
150,Amselgasse
406,Birkenhang
1667,Hofgasse
2887,Niclas-Strobl-Weg
5004,Radetzkybrücke
1399,Glockenspielplatz
2393,Lindenhofweg
4692,Wielandgasse
300,Babenbergerstraße
3135,Otto-Loewi-Gasse
3923,Sonnleitenweg
3041,Odilienweg
1333,Geidorfplatz
2002,Kainacherweg
4003,Sternwirtweg
111,Alfred-Coßmann-Gasse
1138,Fellingergasse
3326,Polstererweg
3529,Rebhuhnweg
1907,Jakoministraße
1289,Fürstenstandweg
4940,Zinzendorfgasse
218,Aspachgasse
1397,Glasfabrikstraße
3990,Steinäckerstraße
4266,Tummelplatz
146,Am Stübingeracker
4575,Vorderer Plattenweg
1530,Hasnerplatz
941,Eggenberger Allee
4001,Sterzinggasse
4546,Vinzenzgasse
1489,Grundwiesenweg
856,Dr.-Karl-Böhm-Allee
2053,Kehlbergstraße
1992,Julius-Hansel-Straße
3648,Rosenberggürtel
3523,Rettenbacher Straße
3451,Radegunder Straße
914,Eckmichlstraße
837,Dr.-Ignaz-Scarpatetti-Straße
4921,Zeugamtsweg
1494,Gustav-Klimt-Weg
1660,Hochkoflerweg
1670,Hohenstaufengasse
1926,Jakob-Lorber-Gasse
3795,Schießstattgasse
165,An der Kanzel
3839,Schäffersfeldweg
2193,Korngasse
202,Arnethgasse
1429,Gottlieb-Remschmidt-Gasse
2689,Mozartgasse
4073,Südtiroler Platz
1016,Eppensteinerweg
261,Augasse
1081,Eythgasse
301,Bachweg
1282,Frischaufweg
1459,Grazer Straße
1254,Frankensteingasse
3006,Oberer Mühlackerweg
3847,Schröttergasse
2316,Lacherweg
3215,Paul-Ernst-Gasse
3264,Pflanzengasse
3330,Pommergasse
166,Anton-Füster-Weg
1274,Frühlingstraße
3988,Stattegger Straße
2191,Korbgasse
3663,Römerweg
1851,In der Kell
2355,Leo-Scheu-Gasse
1861,Irisweg
3413,Quergasse
4660,Westgasse
792,Dorothee-Sölle-Weg
1556,Hans-Mauracher-Straße
2464,Luthergasse
3816,Schönaugasse
4037,Straßengelstraße
1265,Friedensgasse
1269,Friedrich-Hebbel-Gasse
2696,Mörikestraße
4667,Weizenweg
4941,Ziehrerstraße
3898,Simonygasse
3202,Papiermühlgasse
1571,Hermann-Löns-Gasse
4422,Universitätsplatz
321,Bäckerweg
968,Eichenhaingasse
1256,Franziskanerplatz
1454,Grasbergerstraße
1488,Grundfelderweg
3452,Radetzkystraße
3996,Steingrabenweg
1427,Göstinger Straße
1230,Forstweg
1916,Jägerweg
2686,Montecuccoligasse
1566,Heinrich-Heine-Straße
157,Andrägasse
4011,Stockergasse
1268,Friedrichgasse
3242,Pesendorferweg
4710,Willomitzergasse
832,Dr.-Bruno-Ertler-Straße
3113,Orpheumgasse
3915,Sobothgasse
4572,Vogelweiderstraße
3812,Schloßstraße
1473,Grimmgasse
1831,Ilwofgasse
1463,Grevenberggasse
163,Annaweg
1109,Fasanturmweg
3999,Stenggstraße
831,Dr.-Anton-Weg
3312,Platz der Versöhnung
4168,Thalstraße
2000,Kahngasse
3859,Schirmleitenstraße
3511,Rechbauerstraße
4651,Weinzöttlstraße
2555,Messeplatz
4988,Zwerggasse
4958,Zoffgasse
2557,Metahofgasse
2034,Karl-Zeller-Weg
2031,Karl-Schönherr-Gasse
3856,Senefeldergasse
3374,Pula Kai
309,Bahnweg
485,Borromäumgasse
3852,Sechsundzwanziger-Schützen-Gasse
2463,Luigi-Kasimir-Gasse
2414,Lois-Steiner-Weg
2347,Leonhardgürtel
1196,Floßlendstraße
3,Abstallerstraße
1544,Harrerweg
2304,Lange Gasse
1272,Fröbelgasse
1366,Girardigasse
2181,Kochstraße
4231,Trattenweg
4050,Stelzhamerweg
2692,Moosbrunnweg
4655,Weissenkircherstraße
839,Dr.-Karl-Lueger-Straße
1252,Franckstraße
1259,Franz-Steiner-Gasse
3378,Pulverturmstraße
3518,Reiterweg
3819,Schönbrunngasse
3580,Riemerweg
3895,Sigmundstadl
1949,Joanneumsviertel
262,August-Musger-Gasse
312,Ballhausgasse
2695,Mödlingergasse
1681,Hochfeldweg
1930,Jaritzweg
3712,Rudolf-Hans-Bartsch-Straße
3841,Schaftalberg
137,Am Fichtengrund
2204,Kollwitzgasse
1521,Hanns-Koren-Ring
195,Arche Noah
2694,Mohnzeile
787,Dornschneidergasse
1502,Hackhergasse
849,Dr.-Stichl-Weg
451,Blümelhofweg
255,Auf der Murwiese
3821,Schoygasse
1165,Fischerhofweg
1266,Friedhofgasse
134,Am Fuße des Schloßberges
1398,Gleisdorfer Gasse
1249,Franz-Pratter-Straße
1574,Herrgottwiesgasse
1164,Fischergasse
4699,Wilhelm-Kienzl-Gasse
3806,Schlögelgasse
966,Eichholzerweg
2350,Lerchengasse
1919,Jakob-Degen-Gasse
4659,Weldenstraße
4227,Trattfelderstraße
2229,Kronfeldgasse
1905,Jakominigürtel
2753,Mühlgasse
109,Alexander-Rollett-Weg
2043,Keplerstraße
5007,Eisenbahnbrücke
2838,Nepomukgasse
4053,St.-Georgen-Gasse
1512,Handelstraße
3466,Rainweg
3245,Pedrettogasse
1286,Fuchsgrube
4636,Weblinger Gürtel
1304,Gallmeyergasse
1910,Jarlweg
770,Droste-Hülshoff-Gasse
1915,Jakob-Redtenbacher-Gasse
4705,Wildweg
4609,Waltendorfer Hauptstraße
241,Attemsgasse
3522,Resselgasse
3650,Rosenhaingasse
2018,Karlauerstraße
3218,Pambergergasse
4618,Wastiangasse
4695,Wiesengasse
2016,Karolinenweg
167,Anton-Gerstl-Straße
1911,Jauerburggasse
360,Berschenygasse
2398,Libellenweg
2883,Nikolaigasse
3759,Saumgasse
1026,Ernst-Moser-Weg
1343,Geistingerweg
2233,Kranewittergasse
1306,Gartengasse
178,Am Mühlgraben
1428,Gottscheer Straße
2462,Ludwig-Seydler-Gasse
2554,Mesnergasse
3704,Olga-Rudel-Zeynek-Gasse
128,Am Damm
3112,Ortweinplatz
924,Eduard-Richter-Gasse
4016,St.-Peter-Pfarrweg
990,Elise-Steininger-Steg
4971,Zusertalgasse
4430,Unterer Auweg
2592,Millöckergasse
881,Dürergasse
1519,Hans-Riehl-Gasse
1276,Fruhmannweg
4542,Villefortgasse
2402,Liebenauer Hauptstraße
3243,Petrifelderstraße
2527,Mautgasse
5010,Neue Weinzödlbrücke
3220,Palais Trauttmansdorff-Passage
1590,Herbert-Boeckl-Gasse
1587,Henri-Dunant-Weg
4771,Wurmbrandgasse
762,Dieselweg
3332,Popelkaring
3808,Schloßbergplatz
2507,Mandellstraße
3372,Prinzhoferweg
1965,Josef-Hyrtl-Gasse
3831,Schumanngasse
4731,Wormgasse
1337,Georgiplatz
3820,Schörgelgasse
1005,Engelbert-Rückl-Gasse
3897,Siglweg
3462,Rauchleitenstraße
2201,Kozennweg
701,Daungasse
1479,Gritzenkogel
3706,Rudolfstraße
1309,Gartenstadtstraße
3570,Richard-Zach-Gasse
661,Conrad-von-Hötzendorf-Straße
2541,Mahlergasse
401,Bienengasse
2502,Maygasse
1194,Flößerweg
2800,Naglergasse
1520,Harmsdorfgasse
1027,Erlengasse
3002,Obere Weid
526,Bresslern-Roth-Weg
1024,Erna-Diez-Straße
2225,Kreuzgasse
1451,Grafenbergstraße
2560,Meisenweg
2026,Kasernstraße
1515,Hans-Friz-Weg
2859,Neulandgasse
662,Conduzzigasse
3005,Obere Teichstraße
3465,Raabaweg
1676,Holteigasse
2307,Laubgasse
1300,Gabelsbergerstraße
1594,Hermann-Aust-Gasse
3315,Plappartweg
4421,Ungergasse
3652,Rosenhain
2503,Maggstraße
3321,Platz der Ehrenamtlichen
2598,Mitterstraße
3984,Stahlgasse
3655,Rösselmühlgasse
782,Dominikanergasse
3918,Sonnenfelsplatz
3836,Schwarzer Weg
2600,Mitterwurzerweg
4481,Ursprungweg
203,Arthur-March-Gasse
3791,Schanzelgasse
3120,Ortweingasse
2309,Laudongasse
3855,Semmelweisgasse
834,Dr.-Heschl-Weg
2343,Lenaugasse
3528,Reintalweg
314,Baumgasse
3995,Steingasse
842,Dr.-Robert-Sieger-Straße
1262,Fraungruberstraße
3208,Passinigasse
641,Charlottendorfgasse
3851,Seebachergasse
1191,Fliedergasse
1958,Johann-Haiden-Straße
3294,Piccardigasse
3631,Robert-Fuchs-Straße
2198,Koßgasse
1536,Hauslabgasse
1974,Josefweg
1142,Ferdinand-von-Saar-Weg
601,Carnerigasse
104,Alois-Kabelka-Weg
315,Baumkircherstraße
3894,Siemensgasse
3329,Pomisgasse
2861,Neuseiersberger Straße
1041,Eschenbachgasse
3368,Primelweg
3516,Reinbacherweg
2161,Knablgasse
4712,Wittulaweg
1140,Ferdinand-Prirsch-Straße
4553,Vinzenz-Sabatky-Weg
3139,Otto-Wagner-Weg
582,Bürgerspitalgasse
730,Defreggergasse
2424,Lortzinggasse
2546,Matthias-Tropper-Weg
2543,Matthias-Scheiner-Weg
3921,Sonnenstraße
1528,Haselweg
3600,Ritter-von-Formentini-Allee
3464,Rafensedergasse
1278,Friedrich-Schnideritsch-Straße
2124,Klosterwiesgasse
1342,Gerstnergasse
1850,Inffeldgasse
3572,Richard-Wagner-Gasse
2465,Lustbühelstraße
967,Eichendorffstraße
2202,Köglerweg
76,Ägydigasse
1339,Gellertgasse
4135,Teichhofweg
573,Buhnengasse
2460,Ludwig-Benedek-Gasse
1448,Grabenstraße
39,Admonter Gasse
2961,Nürnbergergasse
4696,Wilhelm-Gösser-Gasse
3200,Pachlerweg
4902,Zanklstraße
188,Anton-Lehmann-Gasse
1554,Hauseggerstraße
145,Am Stadlgrund
2683,Montfortstraße
4058,Stregengasse
944,Eggwald
3588,Riesplatz
4616,Wastlergasse
3701,Ruckerlberggasse
1472,Grillweg
2844,Nestroystraße
4612,Waltendorfer Gürtel
1318,Gaisbacherweg
836,Dr.-Hans-Kloepfer-Straße
1678,Holzerweg
141,Am Ölberg
1498,Gustav-Scherbaum-Promenade
1468,Griesplatz
602,Casalgasse
4044,Strennerweg
2390,Lindengasse
40,Adolf-Kolping-Gasse
957,Ehrenfelsgasse
3810,Schlossergasse
2923,Novalisgasse
454,Blasbauerweg
2515,Maria-Theresia-Allee
3843,Schrottenbachgasse
2268,Kudlichweg
1518,Hans-Sachs-Gasse
1513,Händelstraße
1469,Grillparzerstraße
3003,Oberer Plattenweg
1141,Feuerbachgasse
1344,Georg-Gaß-Weg
2022,Karl-Frisch-Gasse
2536,Martinhofstraße
3628,Robert-Viertl-Straße
1229,Föllinger Straße
3262,Pfarrer-Schröttner-Platz
1558,Hans-Dolf-Weg
126,Am Andritzbach
3828,Schmiedlstraße
2196,Kosakengasse
1241,Franz-Nabl-Weg
1336,Georgigasse
3456,Raimundgasse
3579,Riedweg
516,Brehmstraße
833,Dr.-Eckener-Straße
149,Amschlgasse
2023,Karl-Morre-Straße
2846,Neubaugasse
3458,Rapoldgasse
781,Doblergasse
3415,Quringasse
3577,Rieshang
732,Dennigweg
2854,Neufeldweg
2223,Kraxnerweg
2595,Mittelstraße
4300,Überfuhrgasse
843,Dr.-Muck-Anlage
2765,Mühlfelderweg
196,Archerweg
2522,Markusgasse
1547,Hafnerstraße
1356,Ghegagasse
1466,Griesgasse
5012,Puchsteg
2863,Neutorgasse
2523,Marschallgasse
574,Bunsengasse
2010,Kalvariengürtel
3468,Raiffeisenstraße
3066,Ökonomiegasse
973,Eisengasse
3813,Schmiedgasse
2,Absengerstraße
2185,Koloniegasse
2128,Kleinweg
1482,Gsundhofweg
4657,Weizbachweg
2690,Monsbergergasse
2533,Mainersbergstraße
1456,Grasweg
1162,Finkengasse
1993,Jungferngasse
1100,Fabriksgasse
528,Breunergasse
5002,Erzherzog-Johann-Brücke
124,Am Pfangberg
3822,Schreibäckerweg
2353,Ledermoarweg
1440,Gorbachplatz
1332,Geidorfgürtel
184,Ampfererweg
2051,Kerschhoferweg
922,Edisonstraße
3311,Plüddemanngasse
4205,Töpferweg
3461,Ragnitztalweg
1682,Hofbauerplatz
1231,Fontanestraße
1747,Hugo-Wolf-Gasse
4170,Theodor-Körner-Straße
2529,Macherstraße
3702,Ruckerlberggürtel
1416,Gmeinstraße
4706,Winterweg
2303,Landhausgasse
4633,Wasserwerkgasse
2574,Messendorfbergstraße
2506,Mälzerweg
3762,Sartorigasse
2342,Leitnergasse
1105,Färbergasse
1480,Großgrabenweg
267,Autaler Straße
1161,Fichtestraße
4957,Zoisweg
1523,Hans-List-Platz
4547,Viktor-Kaplan-Gasse
3574,Riesstraße
986,Elisabethinergasse
4173,Thomas-Arbeiter-Gasse
3892,Siedlerweg
521,Brucknerstraße
1106,Färberplatz
3575,Rindscheidweg
2351,Lessingstraße
205,Am Innovationspark
2685,Morellenfeldgasse
1277,Froschaugasse
303,Baden-Powell-Allee
3651,Rosengasse
1,Abraham-a-Santa-Clara-Gasse
1103,Falkenhofgasse
2019,Karlauplatz
4015,St.-Peter-Hauptstraße
1516,Hans-Groß-Gasse
786,Dorngasse
3647,Rosenberggasse
1598,Hermann-Gmeiner-Weg
2870,Neusiedlergasse
3634,Rohrbachergasse
1957,Johann-Paierl-Weg
3526,Rebengasse
3642,Roseggerkai
4132,Tegetthoffplatz
2542,Max-Mell-Allee
2310,Lazarettgasse
2754,Mühlriegel
4012,Stoffbauerweg
5005,Augartenbrücke
4072,Südliches Lazarettfeld
3377,Pulvermühlweg
4134,Teichhof
174,Anglergasse
2228,Kriegssteig
1853,Ingeborg-Bachmann-Gasse
3236,Petersbachstraße
3844,Schwindgasse
1264,Freihofanger
2335,Leberackerweg
3832,Schützenhofgasse
883,Dürrgrabenweg
3520,Rembrandtgasse
1450,Gradnerstraße
2514,Mariahilferstraße
4195,Tiefentalweg
1400,Gluckgasse
2889,Nikolaus-Otto-Weg
3453,Radgasse
2848,Neue Bienengasse
115,Allerheiligenweg
3850,Schnabelweg
1525,Harrachgasse
2081,Kindermanngasse
1205,Floraweg
4057,Stemmerweg
1279,Friedrich-Gauermann-Weg
3241,Peballweg
4650,Weinzödl
1006,Enge Gasse
4610,Waltendorfer Höhe
577,Burgenlandstraße
1969,Josef-Pock-Straße
3205,Paradiesgasse
1193,Florianigasse
1753,Hutteggerstraße
2231,Krottendorfer Straße
2855,Neugasse
3313,Platz der Freiwilligen Schützen
191,Am Arlandgrund
3467,Rannachstraße
1030,Erzherzog-Johann-Straße
2126,Klusemannstraße
4654,Weißweg
3827,Schulgasse
2395,Lissagasse
4996,Zwigottweg
2301,Lagergasse
1496,Groningenplatz
522,Bründlgasse
3519,Reitschulgasse
1842,Im Vogelsang
1504,Hafnerriegel
2083,Kirchbergstraße
2349,Leonhardstraße
2354,Lehargasse
160,Andritzer Reichsstraße
4664,Weiberfelderweg
3234,Peter-Rosegger-Straße
3463,Rabensteinersteig
1195,Floßlendplatz
2530,Martha-Tausk-Park
2766,Müller-Guttenbrunn-Weg
1313,Gasometerweg
1021,Erich-Edegger-Weg
1909,Janzgasse
2564,Melanweg
1846,Im Hoffeld
3265,Pflastergasse
2389,Limonigasse
323,Bärlauchweg
3210,Payer-Weyprecht-Straße
4424,Untere Bahnstraße
1963,Josef-Gauby-Weg
107,Am Engelsdorfgrund
2517,Mariengasse
3811,Schloßplatz
2866,Neusitzstraße
4075,Süd-Ost-Siedler-Straße
3848,Schützgasse
844,Dr.-Theodor-Pfeiffer-Straße
1433,Goldrutenweg
